Beggin',Måneskin,"['pop', 'rock']",rock
INDUSTRY BABY (feat. Jack Harlow),Lil Nas X,"['pop', 'rap']",rap
MONTERO (Call Me By Your Name),Lil Nas X,"['pop', 'rap']",rap
Todo De Ti,Rauw Alejandro,"['pop', 'rap']",pop
I WANNA BE YOUR SLAVE,Måneskin,"['pop', 'rock']",rock
Save Your Tears (with Ariana Grande) (Remix),The Weeknd,"['r&b', 'pop']",pop
Blinding Lights,The Weeknd,"['r&b', 'pop']",pop
Pareja Del Año,"Sebastian Yatra, Myke Towers","['rap', 'pop']",pop
911 - Remix,"Sech, Jhay Cortez","['rap', 'pop']",rap
"Nicky Jam: Bzrp Music Sessions, Vol. 41","Bizarrap, Nicky Jam","['rap', 'pop']",rap
Freaks,Surf Curse,"['rock', 'pop']",rock
Meu Pedaço de Pecado,João Gomes,rock,rock
2/Catorce,"Rauw Alejandro, Mr. Naisgai","['pop', 'rap']",r&b
Beautiful Mistakes (feat. Megan Thee Stallion),Maroon 5,"['rock', 'pop']",pop
Run,OneRepublic,"['rock', 'pop']",pop
Thot Shit,Megan Thee Stallion,"['rap', 'pop']",rap
Your Love (9PM),"ATB, Topic, A7S","['pop', 'rock']",pop
Save Your Tears,The Weeknd,"['r&b', 'pop']",pop
Heartbreak Anniversary,Giveon,"['r&b', 'pop']",r&b
Dinero,Trinidad Cardona,r&b,r&b
Sweater Weather,The Neighbourhood,"['rock', 'pop']",rock
ZITTI E BUONI,Måneskin,"['pop', 'rock']",rock
Botella Tras Botella,"Gera MX, Christian Nodal","['pop', 'rap']",pop
Wants and Needs (feat. Lil Baby),Drake,"['rap', 'pop']",rap
Goosebumps - Remix,"Travis Scott, HVME","['rap', 'pop']",rap
Iko Iko (My Bestie),"Justin Wellington, Small Jam","['popo', 'pop']",pop
Better Believe,"Belly, The Weeknd, Young Thug","['rap', 'pop']",rap
Ram Pam Pam,"Natti Natasha, Becky G","['rap', 'pop']",pop
In Da Getto,"J Balvin, Skrillex",pop,pop
t r a n s p a r e n t s o u l feat. Travis Barker,WILLOW,"['pop', 'rock']",rock
Reckless,Madison Beer,"['pop', 'rock']",pop
"No Me Conocen (Remix) [con DUKI, Rei & Tiago PZK]",BANDIDO,rap,rap
Believer,Imagine Dragons,"['rock', 'pop']",rock
"Lemonade (feat. Gunna, Don Toliver & NAV)",Internet Money,"['rap', 'pop']",rap
Roses - Imanbek Remix,SAINt JHN,"['rap', 'pop']",pop
Sal y Perrea,Sech,"['rap', 'pop']",rap
Fulanito,"Becky G, El Alfa","['pop', 'rap']",rap
París,Ingratax,pop,pop
Sunflower - Spider-Man: Into the Spider-Verse,"Post Malone, Swae Lee","['rap', 'pop']",pop
double take,dhruv,"['pop', 'r&b']",r&b
Heather,Conan Gray,"['pop', 'rock']",pop
you broke me first,Tate McRae,"['pop', 'rock']",pop
Riptide,Vance Joy,"['rock', 'pop']",rock
Daddy Issues,The Neighbourhood,"['rock', 'pop']",rock
Aquelas Coisas,João Gomes,rock,rock
Memories,Maroon 5,"['rock', 'pop']",pop
Take Me To Church,Hozier,"['r&b', 'rock', 'pop']",rock
Little Bit of Love,Tom Grennan,"['pop', 'rock']",pop
Up,Cardi B,"['rap', 'pop']",rap
goosebumps,Travis Scott,"['rap', 'pop']",rap
KESI - Remix,"Camilo, Shawn Mendes","['rap', 'pop']",pop
"Não, Não Vou",Mari Fernandez,rock,rock
Counting Stars,OneRepublic,"['rock', 'pop']",pop
Yellow,Coldplay,"['rock', 'pop']",rock
Como Si No Importara,"Emilia, Duki",pop,pop
Se For Amor,"João Gomes, Vitor Fernandes",rock,rock
Lucid Dreams,Juice WRLD,"['pop', 'rap']",rap
WAP (feat. Megan Thee Stallion),Cardi B,"['rap', 'pop']",rap
Wild Side (feat. Cardi B),Normani,"['pop', 'r&b']",r&b
One Dance,"Drake, WizKid, Kyla","['rap', 'pop']",rap
Cúrame,Rauw Alejandro,"['pop', 'rap']",rap
All of Me,John Legend,"['pop', 'r&b']",r&b
Best Friend (feat. Doja Cat),Saweetie,"['pop', 'rap']",rap
The Hills,The Weeknd,"['r&b', 'pop']",r&b
Good Days,SZA,"['pop', 'r&b']",r&b
penhasco.,Luísa Sonza,"['pop', 'rock']",pop
MI FAI IMPAZZIRE,"BLANCO, Sfera Ebbasta","['rap', 'pop']",pop
Lost Cause,Billie Eilish,pop,pop
Shot in the Dark,John Mayer,"['rock', 'pop']",rock
Wrecked,Imagine Dragons,"['rock', 'pop']",rock
"His & Hers (feat. Don Toliver, Lil Uzi Vert & Gunna)",Internet Money,"['rap', 'pop']",rap
Follow You,Imagine Dragons,"['rock', 'pop']",pop
911,Sech,"['rap', 'pop']",pop
The Jackie (with J. Cole & Lil Tjay),Bas,"['rap', 'pop']",rap
WHOLE LOTTA MONEY (feat. Nicki Minaj) - Remix,BIA,"['rap', 'r&b', 'pop']",r&b
Sexo Virtual,Rauw Alejandro,"['pop', 'rap']",pop
Wonderwall - Remastered,Oasis,"['rock', 'pop']",rock
Wasting Time ( feat. Drake ),Brent Faiyaz,"['rap', 'r&b', 'pop']",r&b
EVERY CHANCE I GET (feat. Lil Baby & Lil Durk),DJ Khaled,"['rap', 'pop']",rap
Lieben wir,Shirin David,"['rap', 'pop']",rap
Reloj,"Rauw Alejandro, Anuel AA","['pop', 'rap']",pop
"Eladio Carrion: Bzrp Music Sessions, Vol. 40","Bizarrap, Eladio Carrion","['rap', 'pop']",rap
Do I Wanna Know?,Arctic Monkeys,"['rock', 'pop']",rock
Having Our Way (feat. Drake),Migos,"['rap', 'pop']",rap
working,"Tate McRae, Khalid","['pop', 'rock']",pop
Petrouchka (feat. PLK),Soso Maness,"['rap', 'pop']",rap
Can't Hold Us - feat. Ray Dalton,Macklemore & Ryan Lewis,"['rap', 'pop', 'rock']",pop
my ex's best friend (with blackbear),Machine Gun Kelly,"['rap', 'pop']",pop
HIGHEST IN THE ROOM,Travis Scott,"['rap', 'pop']",rap
Laugh Now Cry Later (feat. Lil Durk),Drake,"['rap', 'pop']",rap
Ella No Es Tuya - Remix,"Rochy RD, Myke Towers, Nicki Nicole","['rap', 'pop']",rap
In the End,Linkin Park,"['rock', 'rap']",rock
SICKO MODE,Travis Scott,"['rap', 'pop']",rap
Straightenin,Migos,"['rap', 'pop']",rap
Lost,Maroon 5,"['rock', 'pop']",pop
Avalanche,Migos,"['rap', 'pop']",rap
Malibu (feat. Polo G),Migos,"['rap', 'pop']",rap
Modern Day,Migos,"['rap', 'pop']",rap
SUN GOES DOWN,Lil Nas X,"['pop', 'rap']",pop
Last Train Home,John Mayer,"['rock', 'pop']",pop
La Nota,"Manuel Turizo, Rauw Alejandro, Myke Towers","['rap', 'pop']",pop
CORALINE,Måneskin,"['pop', 'rock']",rock
BICHOTA,KAROL G,pop,pop
All Girls Are The Same,Juice WRLD,"['pop', 'rap']",rap
734,Juice WRLD,"['pop', 'rap']",rap
Seeing Green (with Drake & Lil Wayne),Nicki Minaj,"['pop', 'rap']",rap
Dark Side,Blind Channel,"['rock', 'pop']",rock
What’s Next,Drake,"['rap', 'pop']",rap
Ramen & OJ,"Joyner Lucas, Lil Baby","['rap', 'pop']",rap
Cloud 9,Beach Bunny,"['pop', 'rock']",rock
"Snow Tha Product: Bzrp Music Sessions, Vol. 39","Bizarrap, Snow Tha Product","['rap', 'pop']",rap
PROBLEMA,Daddy Yankee,rap,rap
If the World Was Ending - feat. Julia Michaels,JP Saxe,"['rock', 'pop', 'r&b']",pop
"I DID IT (feat. Post Malone, Megan Thee Stallion, Lil Baby & DaBaby)",DJ Khaled,"['rap', 'pop']",rap
"L-Gante: Bzrp Music Sessions, Vol.38","Bizarrap, L-Gante","['rap', 'pop']",rap
HOLIDAY,Lil Nas X,"['pop', 'rap']",pop
At My Worst,Pink Sweat$,"['pop', 'r&b']",pop
Life Is Good (feat. Drake),Future,"['rap', 'pop']",rap
Wishing Well,Juice WRLD,"['pop', 'rap']",pop
Tapão Na Raba,Raí Saia Rodada,pop,pop
Machu Picchu,"Camilo, Evaluna Montaner","['rap', 'pop']",pop
Come & Go (with Marshmello),Juice WRLD,"['pop', 'rap']",pop
Robbery,Juice WRLD,"['pop', 'rap']",rap
love race (feat. Kellin Quinn),Machine Gun Kelly,"['rap', 'pop']",pop
POPSTAR (feat. Drake),DJ Khaled,"['rap', 'pop']",rap
LET IT GO (feat. Justin Bieber & 21 Savage),DJ Khaled,"['rap', 'pop']",rap
Girl From Rio,Anitta,"['pop', 'rock']",pop
Come Through (feat. Chris Brown),H.E.R.,"['r&b', 'pop']",r&b
Goosebumps,HVME,"['rap', 'pop']",pop
In Your Eyes,The Weeknd,"['r&b', 'pop']",pop
Good Without,Mimi Webb,"['pop', 'rock']",pop
"Ele É Ele, Eu Sou Eu","Wesley Safadão, Os Barões Da Pisadinha",pop,pop
Why'd You Only Call Me When You're High?,Arctic Monkeys,"['rock', 'pop']",rock
X Gon' Give It To Ya,DMX,"['rap', 'pop']",rap
Ruff Ryders' Anthem,DMX,"['rap', 'pop']",rap
Chica Ideal,"Sebastian Yatra, Guaynaa",pop,pop
Relación - Remix,"Sech, Daddy Yankee, J Balvin, ROSALÍA, Farruko","['rap', 'pop']",pop
What Other People Say,"Sam Fischer, Demi Lovato","['pop', 'rock']",pop
Hayloft,Mother Mother,"['pop', 'rock']",rock
Payphone,"Maroon 5, Wiz Khalifa","['rock', 'pop']",pop
"Whats Poppin (feat. DaBaby, Tory Lanez & Lil Wayne) [Remix] - Bonus Track",Jack Harlow,"['rap', 'pop']",rap
Take on Me,a-ha,"['pop', 'rock']",rock
BEBÉ,"Camilo, El Alfa","['rap', 'pop']",pop
Una Locura,"Ozuna, J Balvin, Chencho Corleone","['rap', 'pop']",pop
Lemon Pepper Freestyle (feat. Rick Ross),Drake,"['rap', 'pop']",rap
Starboy,"The Weeknd, Daft Punk","['r&b', 'pop']",pop
Ropa Cara,Camilo,"['rap', 'pop']",pop
Vida de Rico,Camilo,"['rap', 'pop']",pop
Devil Eyes,Hippie Sabotage,"['rap', 'pop']",pop
Selfish Love (with Selena Gomez),DJ Snake,"['pop', 'rap']",pop
DAYWALKER! (feat. CORPSE),Machine Gun Kelly,"['rap', 'pop']",rap
I Feel It Coming,"The Weeknd, Daft Punk","['r&b', 'pop']",pop
Someone To You,BANNERS,"['rock', 'pop']",pop
LOST,"NF, Hopsin","['rap', 'pop']",rap
Life's A Mess II (with Clever & Post Malone),Juice WRLD,"['pop', 'rap']",pop
CHIAMAMI PER NOME,"Francesca Michielin, Fedez","['pop', 'rock']",pop
Mona Lisa,"Booba, JSX","['rap', 'pop']",rap
Electric Love,BØRNS,"['rock', 'pop']",pop
Maniac,Conan Gray,"['pop', 'rock']",pop
ROXANNE,Arizona Zervas,"['rap', 'pop']",rap
Madonna,"Bausa, Apache 207","['rap', 'pop']",rap
CLOUDS,NF,"['rap', 'pop']",rap
Skin,Sabrina Carpenter,"['pop', 'rock']",pop
Tyler Herro,Jack Harlow,"['rap', 'pop']",rap
Remember That Night?,Sara Kays,"['pop', 'rock']",pop
Despeinada,"Ozuna, Camilo","['rap', 'pop']",pop
"Ay, DiOs Mío!",KAROL G,r&b,r&b
"Nathy Peluso: Bzrp Music Sessions, Vol. 36","Bizarrap, Nathy Peluso","['rap', 'pop']",rap
Tattoo - Remix with Camilo,Rauw Alejandro,"['pop', 'rap']",pop
Toosie Slide,Drake,"['rap', 'pop']",rap
Earned It (Fifty Shades Of Grey),The Weeknd,"['r&b', 'pop']",r&b
Wonderwall,Oasis,"['rock', 'pop']",rock
Bad Boy (with Young Thug),Juice WRLD,"['pop', 'rap']",rap
Can't Feel My Face,The Weeknd,"['r&b', 'pop']",pop
Call Out My Name,The Weeknd,"['r&b', 'pop']",r&b
Mds,"Kawe, Mc Lele JP","['rock', 'pop']",rap
Heartless,The Weeknd,"['r&b', 'pop']",pop
Be Alright,Dean Lewis,"['rock', 'pop']",pop
Cry Baby (feat. DaBaby),Megan Thee Stallion,"['rap', 'pop']",rap
Mi Cuarto,Jerry Di,"['rap', 'pop']",pop
Ohne Dich,"KASIMIR1441, badmómzjay, WILDBWOYS","['rap', 'rock']",rock
"Gravity (feat. Tyler, The Creator)","Brent Faiyaz, DJ Dahi","['rap', 'r&b', 'pop']",r&b
Way Out (feat. Big Sean),Jack Harlow,"['rap', 'pop']",rap
De Cora <3,"Rauw Alejandro, J Balvin","['pop', 'rap']",rap
Go Crazy,"Chris Brown, Young Thug","['pop', 'rap', 'r&b']",rap
Reminds Me Of You,"Juice WRLD, The Kid LAROI","['pop', 'rap']",pop
Caramelo,Ozuna,"['rap', 'pop']",pop
La Luz,"Sech, J Balvin","['rap', 'pop']",rap
Sunday Best,Surfaces,"['pop', 'r&b']",pop
Tequila Shots,Kid Cudi,"['rap', 'pop']",rap
E-GIRLS ARE RUINING MY LIFE!,"CORPSE, Savage Ga$p","['pop', 'rap']",rap
All I Want for Christmas Is You,Mariah Carey,"['pop', 'r&b']",pop
Last Christmas,Wham!,"['pop', 'rock']",pop
Rockin' Around The Christmas Tree,Brenda Lee,"['rock', 'pop']",rock
It's Beginning to Look a Lot like Christmas,Michael Bublé,"['pop', 'rock']",pop
It's the Most Wonderful Time of the Year,Andy Williams,"['rock', 'pop']",pop
Underneath the Tree,Kelly Clarkson,"['rock', 'pop']",pop
Let It Snow! Let It Snow! Let It Snow!,Dean Martin,"['pop', 'rock']",pop
Let It Snow! Let It Snow! Let It Snow! (with The B. Swanson Quartet),Frank Sinatra,"['pop', 'rock']",pop
Holly Jolly Christmas,Michael Bublé,"['pop', 'rock']",pop
The Christmas Song (Merry Christmas To You),Nat King Cole,"['r&b', 'pop', 'rock']",rock
White Christmas,"Bing Crosby, Ken Darby Singers, John Scott Trotter & His Orchestra","['pop', 'rock', 'rap']",rock
A Holly Jolly Christmas - Single Version,Burl Ives,"['pop', 'rock']",rock
Fairytale of New York (feat. Kirsty MacColl),The Pogues,"['rock', 'r&b']",rock
Merry Christmas Everyone,Shakin' Stevens,"['rock', 'pop']",rock
It's Beginning to Look a Lot Like Christmas (with Mitchell Ayres & His Orchestra),"Perry Como, The Fontane Sisters","['pop', 'rock']",pop
Show Out (with Skepta & Pop Smoke),Kid Cudi,"['rap', 'pop']",rap
Christmas Lights,Coldplay,"['rock', 'pop']",pop
You Make It Feel Like Christmas (feat. Blake Shelton),Gwen Stefani,"['pop', 'rap']",pop
Santa Claus Is Coming to Town,Michael Bublé,"['pop', 'rock']",pop
I Saw Mommy Kissing Santa Claus,The Jackson 5,"['rock', 'r&b']",rock
Santa Baby (with Henri René & His Orchestra),"Eartha Kitt, Henri Rene & His Orchestra","['pop', 'rock']",r&b
"Baby, It's Cold Outside",Dean Martin,"['pop', 'rock']",rock
"Santa Claus Is Comin' to Town - Live at C.W. Post College, Greenvale, NY - December 1975",Bruce Springsteen,"['rock', 'pop']",rock
One More Sleep,Leona Lewis,"['pop', 'r&b']",pop
I'll Be Home,Meghan Trainor,"['pop', 'rap']",pop
Rudolph The Red-Nosed Reindeer,Dean Martin,"['pop', 'rock']",pop
Mistletoe And Holly - Remastered 1999,Frank Sinatra,"['pop', 'rock']",rock
Jingle Bells - Remastered 1999,Frank Sinatra,"['pop', 'rock']",pop
Oh Santa! (feat. Ariana Grande & Jennifer Hudson),Mariah Carey,"['pop', 'r&b']",pop
Do You Hear What I Hear? - Remastered 2006,Bing Crosby,"['pop', 'rock', 'rap']",rock
This Christmas,Donny Hathaway,"['r&b', 'rock', 'rrock']",rock
Winter Wonderland,Tony Bennett,"['pop', 'rock']",pop
My Kind Of Present,Meghan Trainor,"['pop', 'rap']",pop
She Knows This,Kid Cudi,"['rap', 'pop']",rap
Another Day,Kid Cudi,"['rap', 'pop']",rap
"Solo Dolo, Pt. III",Kid Cudi,"['rap', 'pop']",rap
Dive,Kid Cudi,"['rap', 'pop']",rap
Heaven On Earth,Kid Cudi,"['rap', 'pop']",rap
Sad People,Kid Cudi,"['rap', 'pop']",rap
Damaged,Kid Cudi,"['rap', 'pop']",rap
Beautiful Trip,Kid Cudi,"['rap', 'pop']",rap
The Void,Kid Cudi,"['rap', 'pop']",rap
Real Shit (with benny blanco),Juice WRLD,"['pop', 'rap']",rap
Blinding Lights (with ROSALÍA) - Remix,The Weeknd,"['r&b', 'pop']",pop
"WHATS POPPIN (feat. DaBaby, Tory Lanez & Lil Wayne) - Remix","Tory Lanez, Jack Harlow","['rap', 'pop', 'r&b']",rap
Mad at Disney,salem ilese,"['pop', 'rock']",pop
Baby (with J Balvin),Sfera Ebbasta,"['rap', 'pop']",pop
Tik Tok (feat. Marracash & Guè Pequeno),Sfera Ebbasta,"['rap', 'pop']",rap
Abracadabra (feat. Future),Sfera Ebbasta,"['rap', 'pop']",rap
Smile (with The Weeknd),Juice WRLD,"['pop', 'rap']",rap
Hollywood (feat. Diplo),Sfera Ebbasta,"['rap', 'pop']",pop
Are You Bored Yet? (feat. Clairo),Wallows,"['rock', 'pop']",rock
Quiéreme Mientras Se Pueda,Manuel Turizo,"['rap', 'pop']",pop
Drankin N Smokin,"Future, Lil Uzi Vert","['rap', 'pop']",rap
Enchule,Rauw Alejandro,"['pop', 'rap']",rap
Stripes Like Burberry,"Future, Lil Uzi Vert","['rap', 'pop']",rap
Spicy (feat. Post Malone),Ty Dolla $ign,"['rap', 'pop', 'r&b']",rap
That’s It,"Future, Lil Uzi Vert","['rap', 'pop']",rap
GREECE (feat. Drake),DJ Khaled,"['rap', 'pop']",rap
SLOW DANCING IN THE DARK,Joji,"['r&b', 'pop']",r&b
Nada,"Cali Y El Dandee, Danna Paola","['rap', 'pop']",pop
Caramelo - Remix,"Ozuna, KAROL G, Myke Towers","['rap', 'pop']",pop
Favorito,Camilo,"['rap', 'pop']",pop
Rojo,J Balvin,rap,rap
Thriller,Michael Jackson,"['r&b', 'pop']",pop
Me Gusta (with Cardi B & Myke Towers),Anitta,"['pop', 'rock']",pop
Relación,Sech,"['rap', 'pop']",rap
FRANCHISE (feat. Young Thug & M.I.A.),Travis Scott,"['rap', 'pop']",rap
Wolves (feat. Post Malone),Big Sean,"['rap', 'pop']",rap
Let Her Go,Passenger,"['rock', 'pop']",pop
Play Date,Melanie Martinez,"['pop', 'rock']",pop
Someone Like You,Adele,"['pop', 'r&b']",r&b
It's You,Ali Gatie,"['rap', 'pop']",pop
Hate The Way (feat. blackbear),G-Eazy,"['rap', 'pop']",rap
Bande organisée,"13 Organisé, SCH, Kofs, Jul, Naps, Soso Maness, Elams, Solda, Houari","['rap', 'pop']",rap
El Mismo Aire - con Pablo Alborán,Camilo,"['rap', 'pop']",pop
Elegí (feat. Dímelo Flow),"Rauw Alejandro, Dalex, Lenny Tavárez","['pop', 'rap']",rap
July,Noah Cyrus,"['pop', 'rock']",rock
Supalonely,"BENEE, Gus Dapperton","['rock', 'pop']",pop
forget me too (feat. Halsey),Machine Gun Kelly,"['rap', 'pop']",rock
"PORFA Remix ( Feat. Maluma, Nicky Jam, Sech) - Remix","Feid, J Balvin, Justin Quiles","['rap', 'pop']",rap
No Guidance (feat. Drake),Chris Brown,"['pop', 'rap', 'r&b']",r&b
Outta Time (feat. Drake),Bryson Tiller,"['rap', 'pop', 'r&b']",r&b
Lemonade (Feat. Roddy Ricch & Don Toliver) [Remix],Internet Money,"['rap', 'pop']",rap
Your Man,Joji,"['r&b', 'pop']",pop
Gimme Love,Joji,"['r&b', 'pop']",pop
Ew,Joji,"['r&b', 'pop']",r&b
Daylight,"Joji, Diplo","['r&b', 'pop']",r&b
bloody valentine,Machine Gun Kelly,"['rap', 'pop']",rock
MODUS,Joji,"['r&b', 'pop']",r&b
Tick Tock,Joji,"['r&b', 'pop']",r&b
Sanctuary,Joji,"['r&b', 'pop']",r&b
feel something,Bea Miller,"['pop', 'rock']",pop
Tap In,Saweetie,"['pop', 'rap']",rap
Pretty Boy (feat. Lil Yachty),Joji,"['r&b', 'pop']",r&b
Afterthought,"Joji, BENEE","['r&b', 'pop']",r&b
Hate The Other Side (with Marshmello & The Kid Laroi),"Juice WRLD, Polo G","['pop', 'rap']",rap
drunk face,Machine Gun Kelly,"['rap', 'pop']",rock
WHATS POPPIN,Jack Harlow,"['rap', 'pop', 'r&b']",rap
Blastoff (feat. Juice Wrld & Trippie Redd),"Internet Money, Diplo","['rap', 'pop']",rap
September,"Earth, Wind & Fire","['pop', 'rock', 'rrock', 'r&b']",rock
BXL ZOO,"Damso, Hamza","['rap', 'pop']",rap
DEUX TOILES DE MER,Damso,"['rap', 'pop']",rap
Righteous,Juice WRLD,"['pop', 'rap']",rap
Conversations,Juice WRLD,"['pop', 'rap']",rap
Chicago Freestyle (feat. Giveon),Drake,"['rap', 'pop']",rap
Del Mar,"Ozuna, Doja Cat, Sia","['rap', 'pop']",rap
Hit Different,"SZA, The Neptunes, Pharrell Williams, Ty Dolla $ign","['pop', 'r&b']",r&b
Nobody's Love,Maroon 5,"['rock', 'pop']",pop
Máquina do Tempo,Matuê,"['rap', 'r&b']",rap
Savage Remix (feat. Beyoncé),"Beyoncé, Megan Thee Stallion","['pop', 'r&b']",pop
Lithuania (feat. Travis Scott),Big Sean,"['rap', 'pop']",rap
"Tap In (feat. Post Malone, DaBaby & Jack Harlow)",Saweetie,"['pop', 'rap']",rap
"The Plan - From the Motion Picture ""TENET""",Travis Scott,"['rap', 'pop']",rap
Desce Pro Play (PA PA PA),"Mc Zaac, Anitta, Tyga","['pop', 'rock']",rap
Mariposa,Peach Tree Rascals,"['r&b', 'pop']",pop
Unterwegs,"KitschKrieg, Jamule, SFR","['rap', 'pop']",pop
Gifted (feat. Roddy Ricch),Cordae,"['rap', 'pop']",r&b
Bandit (with YoungBoy Never Broke Again),Juice WRLD,"['pop', 'rap']",rap
Lemonade,"Internet Money, Gunna, Don Toliver, NAV","['rap', 'pop']",rap
Life's A Mess (feat. Halsey),Juice WRLD,"['pop', 'rap']",rap
PORFA,"Feid, Justin Quiles",pop,pop
2012,"Bausa, Juju","['rap', 'pop']",pop
Ballin' (with Roddy Ricch),Mustard,"['rap', 'pop']",rap
I'm Yours,Jason Mraz,"['rock', 'pop']",pop
Rover (feat. DTG),S1mba,"['pop', 'rap']",pop
El Efecto,"Rauw Alejandro, Chencho Corleone","['pop', 'rap']",rap
Como Llora,Juanfran,"['rap', 'pop']",pop
Savage,Megan Thee Stallion,"['rap', 'pop']",rap
Move Ya Hips (feat. Nicki Minaj & MadeinTYO),A$AP Ferg,"['rap', 'pop']",rap
Over Your Head,"Future, Lil Uzi Vert","['rap', 'pop']",rap
Blood On My Jeans,Juice WRLD,"['pop', 'rap']",rap
Singapur,"El Alfa, Chael Produciendo","['rap', 'pop']",rap
Tattoo,Rauw Alejandro,"['pop', 'rap']",pop
"Ego Death (feat. Kanye West, FKA twigs & Skrillex)",Ty Dolla $ign,"['rap', 'pop', 'r&b']",rap
Stay High,Juice WRLD,"['pop', 'rap']",rap
Tell Me U Luv Me (with Trippie Redd),Juice WRLD,"['pop', 'rap']",rap
Bad Energy,Juice WRLD,"['pop', 'rap']",rap
Titanic,Juice WRLD,"['pop', 'rap']",rap
Hit My Line,Logic,"['rap', 'pop']",rap
Up Up And Away,Juice WRLD,"['pop', 'rap']",rap
Man Of The Year,Juice WRLD,"['pop', 'rap']",rap
Fighting Demons,Juice WRLD,"['pop', 'rap']",rap
Can't Die,Juice WRLD,"['pop', 'rap']",rap
Screw Juice,Juice WRLD,"['pop', 'rap']",rap
Past Life (with Selena Gomez),Trevor Daniel,"['r&b', 'rap', 'pop']",pop
I Want It,Juice WRLD,"['pop', 'rap']",rap
Old Town Road - Remix,"Lil Nas X, Billy Ray Cyrus","['pop', 'rap']",rap
The Adventures of Moon Man & Slim Shady (with Eminem),Kid Cudi,"['rap', 'pop']",rap
Hola - Remix,"Dalex, Lenny Tavárez, Chencho Corleone, Juhn, Dímelo Flow","['rap', 'r&b']",rap
Anxiety - Intro,Juice WRLD,"['pop', 'rap']",rap
Juice WRLD Speaks From Heaven - Outro,Juice WRLD,"['pop', 'rap']",rap
"The Man, The Myth, The Legend - Interlude",Juice WRLD,"['pop', 'rap']",rap
Wash Us In The Blood,"Kanye West, Travis Scott","['rap', 'pop']",rap
This City,Sam Fischer,"['pop', 'rock']",pop
Tommy Lee (feat. Post Malone),Tyla Yaweh,"['rap', 'pop']",rap
Prospect (ft. Lil Baby),iann dior,"['rap', 'pop']",rap
Thunder,Imagine Dragons,"['rock', 'pop']",pop
El Efecto - Remix,"Rauw Alejandro, Chencho Corleone, KEVVO, Bryant Myers, Lyanno, Dalex","['pop', 'rap']",rap
BLACK PARADE,Beyoncé,"['pop', 'r&b']",r&b
Girls in the Hood,Megan Thee Stallion,"['rap', 'pop']",rap
Money In The Grave (Drake ft. Rick Ross),Drake,"['rap', 'pop']",rap
Girls Like You (feat. Cardi B),Maroon 5,"['rock', 'pop']",pop
VACATION,Tyga,"['rap', 'pop']",rap
Bleed,A Boogie Wit da Hoodie,"['rap', 'pop']",rap
Djomb - Bien ou quoi,Bosh,"['pop', 'rap']",rap
IDK You Yet,Alexander 23,"['pop', 'rock']",pop
Selfish,Madison Beer,"['pop', 'rock']",pop
Turks (with Gunna & ft. Travis Scott),NAV,"['rap', 'pop']",rap
Let Me Down Slowly,Alec Benjamin,"['pop', 'rock']",pop
BELIEVE IT,"PARTYNEXTDOOR, Rihanna","['rap', 'pop', 'r&b']",r&b
This Is America,Childish Gambino,"['rap', 'pop']",rap
Fantasias,"Rauw Alejandro, Farruko","['pop', 'rap']",rap
Solitaires (feat. Travis Scott),Future,"['rap', 'pop']",rap
In Your Eyes (with Doja Cat) - Remix,The Weeknd,"['r&b', 'pop']",pop
After Hours,The Weeknd,"['r&b', 'pop']",r&b
BUTTERFLY EFFECT,Travis Scott,"['rap', 'pop']",rap
Confía,"Sech, Daddy Yankee","['rap', 'pop']",rap
All Bad (feat. Lil Uzi Vert),Future,"['rap', 'pop']",rap
Pain 1993 (with Playboi Carti),Drake,"['rap', 'pop']",rap
Trillionaire (feat. Youngboy Never Broke Again),Future,"['rap', 'pop']",rap
Racks 2 Skinny,Migos,"['rap', 'pop']",rap
PTSD,"G Herbo, Juice WRLD, Lil Uzi Vert, Chance the Rapper","['rap', 'pop']",rap
Demons (feat. Fivio Foreign & Sosa Geek),Drake,"['rap', 'pop']",rap
Moral of the Story,Ashe,"['pop', 'rock']",pop
Can I,Kehlani,"['pop', 'r&b']",r&b
STARGAZING,Travis Scott,"['rap', 'pop']",rap
D4L,"Future, Drake, Young Thug","['rap', 'pop']",rap
Time Flies,Drake,"['rap', 'pop']",rap
Desires (with Future),Drake,"['rap', 'pop']",rap
Not You Too (feat. Chris Brown),Drake,"['rap', 'pop']",r&b
Landed,Drake,"['rap', 'pop']",rap
When To Say When,Drake,"['rap', 'pop']",rap
Deep Pockets,Drake,"['rap', 'pop']",rap
War,Drake,"['rap', 'pop']",rap
From Florida With Love,Drake,"['rap', 'pop']",rap
Losses,Drake,"['rap', 'pop']",rap
Turks (feat. Travis Scott),"NAV, Gunna","['rap', 'pop']",rap
What If I Told You That I Love You,Ali Gatie,"['rap', 'pop']",pop
God's Plan,Drake,"['rap', 'pop']",rap
Por Primera Vez,"Camilo, Evaluna Montaner","['rap', 'pop']",pop
Broke In A Minute,Tory Lanez,"['rap', 'pop', 'r&b']",rap
Fantasias - Remix,"Rauw Alejandro, Anuel AA, Natti Natasha, Farruko, Lunay","['pop', 'rap']",pop
SUGAR,BROCKHAMPTON,"['rap', 'pop']",rap
90-60-111,Shirin David,"['rap', 'pop']",rap
YOSEMITE,Travis Scott,"['rap', 'pop']",rap
If You’re Too Shy (Let Me Know) - Edit,The 1975,"['rock', 'pop']",rock
Tutu,"Camilo, Pedro Capó","['rap', 'pop']",pop
Still Be Friends (feat. Tory Lanez & Tyga),G-Eazy,"['rap', 'pop']",rap
3 Nights,Dominic Fike,"['rock', 'pop']",pop
The Take (feat. Chris Brown),Tory Lanez,"['rap', 'pop', 'r&b']",r&b
Stupid Again,Tory Lanez,"['rap', 'pop', 'r&b']",r&b
La Cama - Remix,"Lunay, Myke Towers, Ozuna, Chencho Corleone, Rauw Alejandro","['rap', 'pop']",pop
Good as Hell (feat. Ariana Grande),Lizzo,"['pop', 'rap']",pop
Hardest To Love,The Weeknd,"['r&b', 'pop']",pop
Scared To Live,The Weeknd,"['r&b', 'pop']",r&b
Alone Again,The Weeknd,"['r&b', 'pop']",r&b
Too Late,The Weeknd,"['r&b', 'pop']",r&b
Faith,The Weeknd,"['r&b', 'pop']",r&b
Snowchild,The Weeknd,"['r&b', 'pop']",r&b
Escape From LA,The Weeknd,"['r&b', 'pop']",r&b
Repeat After Me (Interlude),The Weeknd,"['r&b', 'pop']",r&b
Until I Bleed Out,The Weeknd,"['r&b', 'pop']",r&b
B.S. (feat. H.E.R.),Jhené Aiko,"['r&b', 'pop']",r&b
Lettre à une femme,Ninho,"['pop', 'rap']",rap
The Other Side (from Trolls World Tour),"SZA, Justin Timberlake","['pop', 'r&b']",pop
Ayy Macarena,Tyga,"['rap', 'pop']",rap
Adicto (with Anuel AA & Ozuna),Tainy,"['rap', 'pop']",pop
"Numbers (feat. Roddy Ricch, Gunna and London On Da Track)",A Boogie Wit da Hoodie,"['rap', 'pop']",rap
Aventura,"Lunay, Ozuna, Anuel AA","['rap', 'pop']",rap
Bellaquita - Remix,"Dalex, Lenny Tavárez, Anitta, Natti Natasha, Farruko, Justin Quiles","['rap', 'r&b']",pop
"Life Is Good (feat. Drake, DaBaby & Lil Baby) - Remix",Future,"['rap', 'pop']",rap
Soltera - Remix,"Lunay, Daddy Yankee, Bad Bunny","['rap', 'pop']",pop
Truth Hurts,Lizzo,"['pop', 'rap']",pop
Lottery (Renegade),K CAMP,"['rap', 'pop', 'r&b']",rap
Si Te Vas,"Sech, Ozuna","['rap', 'pop']",pop
Indeciso,"Reik, J Balvin, Lalo Ebratt",pop,pop
Mejor,"Dalex, Sech","['rap', 'r&b']",pop
Give No Fxk,"Migos, Travis Scott, Young Thug","['rap', 'pop']",rap
Might Not Give Up (feat. Young Thug),A Boogie Wit da Hoodie,"['rap', 'pop']",rap
Yikes,Nicki Minaj,"['pop', 'rap']",rap
Yellow Hearts,Ant Saunders,"['r&b', 'pop']",r&b
Good as Hell (feat. Ariana Grande) - Remix,Lizzo,"['pop', 'rap']",pop
"I Do It (ft. Big Sean, Lil Baby)",Lil Wayne,"['rap', 'pop']",rap
Pa' Olvidarme De Ella,"Piso 21, Christian Nodal","['rap', 'pop']",pop
Loco Contigo (feat. J. Balvin & Tyga),"DJ Snake, J Balvin","['pop', 'rap']",rap
Con Calma,"Daddy Yankee, Snow",pop,pop
Otro Trago - Remix,"Sech, Ozuna, Anuel AA, Darell, Nicky Jam","['rap', 'pop']",pop
FML,Arizona Zervas,"['rap', 'pop']",pop
Kein Wort,"Juju, Loredana, Miksu / Macloud","['rap', 'pop']",rap
Going Bad (feat. Drake),Meek Mill,"['rap', 'pop']",rap
Panini,Lil Nas X,"['pop', 'rap']",rap
The London (feat. J. Cole & Travis Scott),"J. Cole, Young Thug","['rap', 'pop']",rap
B.I.T.C.H.,Megan Thee Stallion,"['rap', 'pop']",rap
Legends,Juice WRLD,"['pop', 'rap']",rap
Dans l'espace (feat. Heuss l'Enfoiré),Gambi,"['pop', 'rap']",pop
Blanche,"Maes, Booba","['pop', 'rap']",rap
Diamonds (with Normani),Megan Thee Stallion,"['rap', 'pop']",rap
"Taki Taki (feat. Selena Gomez, Ozuna & Cardi B)",DJ Snake,"['pop', 'rap']",rap
"Writing on the Wall (feat. Post Malone, Cardi B & Rvssian)",French Montana,"['rap', 'pop']",rap
Fantasía,Ozuna,"['rap', 'pop']",pop
Combatchy (feat. MC Rebecca),"Anitta, Lexa, Luísa Sonza","['pop', 'rock']",pop
Old Town Road,Lil Nas X,"['pop', 'rap']",pop
Let Me Know (I Wonder Why Freestyle),Juice WRLD,"['pop', 'rap']",rap
Ne reviens pas,"Gradur, Heuss L'enfoiré","['pop', 'rap']",rap